{"AFG": 24470517.834266976, "ALB": 13468067.02728719, "DZA": 183376840.56749293, "AND": 2857465.8063237714, "AGO": 97883607.87342432, "ATG": 1211017.603080885, "ARG": 567804215.7370619, "ARM": 11651546.117862735, "ABW": 2455684.8661012086, "AUS": 1279866792.196296, "AUT": 374564562.6142667, "AZE": 35283748.37661104, "BHS": 11289847.300756909, "BHR": 28990508.69164239, "BGD": 229132394.06598607, "BRB": 4451060.078709072, "BLR": 25347026.495710514, "BEL": 463422929.03909904, "BLZ": 1811057.4355331745, "BEN": 9289752.767616447, "BMU": 5101454.458561827, "BTN": 2517614.226880154, "BOL": 36567155.26350133, "BIH": 18481536.090433005, "BWA": 14643660.011480177, "BRA": 1773942574.5804377, "VGB": 650009.9712797413, "BRN": 9453401.857905352, "BGR": 47548503.85155226, "BFA": 13379662.71148516, "BDI": 2339158.9049250595, "KHM": 20635439.32486054, "CMR": 30938063.11343513, "CAN": 1569960117.6124034, "CPV": 1289046.866406279, "CYM": 4877382.477385685, "CAF": 1861157.5513595932, "TCD": 10278058.819175972, "CHL": 246661427.03335634, "CHN": 10863777758.054499, "COL": 301922799.7249521, "COG": 10640117.102611138, "CRI": 55061557.150409535, "HRV": 48272473.51339102, "CUB": 86050202.45981522, "CYP": 26021351.137573496, "CZE": 162893938.40287226, "CIV": 31181678.423809383, "PRK": 16924886.004382893, "COD": 39436224.10304995, "DNK": 288806826.2785319, "DJI": 2088224.9416448332, "DOM": 69797234.36106901, "ECU": 96688811.01205623, "EGY": 291785055.77099884, "SLV": 27493879.910203323, "ERI": 5019149.032949252, "EST": 22968037.972508788, "ETH": 19843291.650941845, "FJI": 4024750.059101806, "FIN": 239237800.7011473, "FRA": 2467952681.6497245, "PYF": 5515386.331644924, "GAB": 10599981.804111639, "GMB": 1623605.50235451, "GEO": 17314759.006313782, "DEU": 3172201307.44527, "GHA": 53846898.71810159, "GRC": 192966386.60003084, "GRL": 2200413.6646419754, "GTM": 73117665.97112821, "GIN": 11086966.976596214, "GUY": 28867441.9356258, "HTI": 9296729.489656445, "HND": 25131390.621470474, "HKG": 318010351.5496425, "HUN": 114474322.52120681, "ISL": 17399848.19121717, "IND": 2166777604.790248, "IDN": 926889215.7553432, "IRN": 391201626.4320962, "IRQ": 146652335.83904085, "IRL": 226917650.8237391, "ISR": 312756933.25873935, "ITA": 1786820714.1562636, "JAM": 16208129.150036694, "JPN": 4716597740.307834, "JOR": 48119823.8831434, "KAZ": 124862490.23092954, "KEN": 72801471.25081758, "KWT": 99818271.11254217, "KGZ": 9224953.410363132, "LAO": 16689619.318292817, "LVA": 26783320.26668184, "LBN": 58486105.68051895, "LSO": 2620074.3078005114, "LBR": 1509432.9790207231, "LBY": 22264899.11548369, "LIE": 4910558.016544179, "LTU": 42746679.41613209, "LUX": 38554368.40536774, "MAC": 27666802.768425323, "MDG": 10788464.380853465, "MWI": 5791870.082268638, "MYS": 275582082.251335, "MDV": 3374814.5165576204, "MLI": 16139237.261676729, "MLT": 9564429.573161589, "MRT": 5982346.814403344, "MUS": 11156822.180415552, "MEX": 1090579132.5938373, "MCO": 6628646.7583633335, "MNG": 12035817.636552867, "MNE": 5011593.621180993, "MAR": 109314194.00726023, "MOZ": 16321360.52111851, "MMR": 69374946.42443222, "NAM": 13868504.189208042, "NPL": 27066282.499819197, "NLD": 694536358.1996514, "NCL": 9709134.815597653, "NZL": 183289510.7496947, "NIC": 15225549.643669313, "NER": 11230103.594090968, "NGA": 405285393.38890886, "NOR": 358524039.33233476, "PSE": 20300552.276194572, "OMN": 64926828.138465546, "PAK": 288303490.3817909, "PAN": 56582945.58294042, "PNG": 17156828.23746074, "PRY": 33919402.22004865, "PER": 181299963.76502082, "PHL": 349103172.5210684, "POL": 450016343.3323165, "PRT": 199963168.71234968, "QAT": 146120332.9741868, "KOR": 1384341868.3371418, "MDA": 178768.25772064071, "ROU": 181800507.59245634, "RUS": 1174920909.704399, "RWA": 9801564.669983877, "WSM": 905419.0256080062, "SMR": 890122.7091656955, "STP": 443544.4309214653, "SAU": 638018835.6854972, "SEN": 20906298.82802098, "SRB": 40636441.29091942, "SYC": 1362116.1181560408, "SLE": 4925465.337151177, "SGP": 228504699.8346654, "SVK": 85754184.21128784, "SVN": 40504226.55553814, "SOM": 1171462.0483841486, "ZAF": 300108107.3617147, "SDS": 10255647.489640903, "ESP": 1170233841.0995734, "LKA": 87247872.55599487, "SUD": 87974384.2903812, "SUR": 3041924.3156268136, "SWZ": 3963608.8829517867, "SWE": 491394904.6960987, "CHE": 586060417.5333551, "SYR": 14367350.769748596, "TWN": 204673333.5359041, "TJK": 7601495.73671765, "THA": 361847584.57479465, "MKD": 10749523.467438508, "TGO": 4905867.364789343, "TTO": 22658152.372447006, "TUN": 45886418.39128328, "TUR": 810738613.9716173, "TKM": 40402265.22878, "UGA": 27027814.176716592, "UKR": 100073901.02047127, "ARE": 263465137.58676726, "GBR": 2739457652.4355235, "TZA": 50204638.62921152, "USA": 19592997213.328262, "URY": 51943409.392899774, "UZB": 75304730.4683166, "VUT": 631055.7896363199, "VEN": 387381027.1377141, "VNM": 199528072.17520434, "YEM": 31664818.32339882, "ZMB": 22021205.628327154, "ZWE": 19620512.88443101, "ROW": 0.0}