{"AFG": 96310465.26708463, "ALB": 63669264.348169334, "DZA": 705944528.5393372, "AND": 14355632.86984872, "AGO": 470776807.8337958, "ATG": 6316736.8837180985, "ARG": 2287696662.262965, "ARM": 46334617.378714785, "ABW": 14269258.836237019, "AUS": 5575519002.09327, "AUT": 1976931138.260456, "AZE": 200951969.87174383, "BHS": 43375675.199495405, "BHR": 179420436.23278946, "BGD": 966558140.1446431, "BRB": 21704623.230739158, "BLR": 87833163.32934877, "BEL": 2742172223.915438, "BLZ": 8398055.995796708, "BEN": 44738525.79199384, "BMU": 22203668.609052695, "BTN": 11656763.545881728, "BOL": 144451422.4494715, "BIH": 88167454.96886101, "BWA": 80275616.49835554, "BRA": 7657704336.71229, "VGB": 6313736.062434502, "BRN": 60426034.41050014, "BGR": 364620496.6832907, "BFA": 55282404.18513811, "BDI": 12550941.33634413, "KHM": 102216295.27232502, "CMR": 141830075.42761827, "CAN": 7911738662.010307, "CPV": 8544061.623409802, "CYM": 19566695.653979648, "CAF": 8664860.11846339, "TCD": 52748404.948484845, "CHL": 1207091955.8127341, "CHN": 75060222008.1254, "COL": 1393905840.752262, "COG": 60147857.06671406, "CRI": 247962977.454561, "HRV": 267517622.31877232, "CUB": 350202077.5390134, "CYP": 87763410.53876822, "CZE": 1234066587.110524, "CIV": 154061393.87368488, "PRK": 66801153.62336409, "COD": 200294763.8363968, "DNK": 1569092463.3734665, "DJI": 13695192.268878888, "DOM": 283909120.8870518, "ECU": 473977268.58026195, "EGY": 1093719687.8899312, "SLV": 103634188.68437544, "ERI": 20009617.63182219, "EST": 148268563.89107397, "ETH": 40307106.02530505, "FJI": 22222167.201917026, "FIN": 1272159462.1590157, "FRA": 11379177972.179316, "PYF": 27740950.477265105, "GAB": 83147836.40756701, "GMB": 7631510.907230692, "GEO": 63829311.85462997, "DEU": 17218067101.82345, "GHA": 232686323.33401114, "GRC": 914748308.739878, "GRL": 12915467.4924027, "GTM": 293372834.0245831, "GIN": 38579351.83513228, "GUY": 592134246.6586361, "HTI": 39103578.15203252, "HND": 131622960.87113973, "HKG": 2418315646.5020776, "HUN": 802379838.102989, "ISL": 102537190.3734823, "IND": 11508974201.067823, "IDN": 4790800443.68783, "IRN": 1982952146.2153168, "IRQ": 586258952.3747045, "IRL": 1664280942.531957, "ISR": 1342004078.5829906, "ITA": 8955425738.126263, "JAM": 74762628.51270321, "JPN": 21911839514.374775, "JOR": 196840249.8443774, "KAZ": 834957090.4449668, "KEN": 284434629.7098837, "KWT": 431990852.7888225, "KGZ": 43447924.36548126, "LAO": 63887931.75341123, "LVA": 158333328.55119115, "LBN": 193732895.30763212, "LSO": 12896709.51874541, "LBR": 9368957.182243915, "LBY": 109989474.34764704, "LIE": 38532681.33438425, "LTU": 239668334.5547164, "LUX": 471824220.7374406, "MAC": 185783623.3782444, "MDG": 54213487.34495647, "MWI": 26608358.898665447, "MYS": 1951274383.1491604, "MDV": 20153448.803674977, "MLI": 69942587.64190386, "MLT": 89844206.46529458, "MRT": 25136574.142166212, "MUS": 50597614.46110295, "MEX": 5016585870.011655, "MCO": 31763371.12709631, "MNG": 70172434.20249781, "MNE": 27497156.103126943, "MAR": 507977872.05745715, "MOZ": 64174580.16813575, "MMR": 493289218.80954057, "NAM": 61287098.227353364, "NPL": 102691920.45330119, "NLD": 4000919666.8861394, "NCL": 42014937.28050486, "NZL": 909067257.7259766, "NIC": 76410969.49856554, "NER": 49974548.94451114, "NGA": 1210598124.0354626, "NOR": 1643077499.951054, "PSE": 65191851.15691851, "OMN": 339794718.12294257, "PAK": 1223423935.9552593, "PAN": 247538398.59091043, "PNG": 103591980.75347456, "PRY": 162761347.76157248, "PER": 923249602.3211555, "PHL": 1302486550.9541175, "POL": 2894046859.1372423, "PRT": 985729752.5926783, "QAT": 602615259.5685766, "KOR": 10127805968.249237, "MDA": 647788.0904631631, "ROU": 1012359878.8137609, "RUS": 8418393643.186079, "RWA": 37173068.46059548, "WSM": 4152763.4142752523, "SMR": 10705126.816861011, "STP": 1714726.721383353, "SAU": 2731685393.90233, "SEN": 92244969.30065201, "SRB": 283948042.84452426, "SYC": 10614889.070137393, "SLE": 32846995.125808373, "SGP": 2456521681.3477063, "SVK": 665577295.7602005, "SVN": 274795283.85872436, "SOM": 6667673.334637654, "ZAF": 1624343943.1774757, "SDS": 52091223.95367023, "ESP": 6257548987.21381, "LKA": 376578222.2171653, "SUD": 358259263.0858243, "SUR": 18617021.283343934, "SWZ": 20253150.6475404, "SWE": 2095713069.7282584, "CHE": 3036819019.738695, "SYR": 160291917.274164, "TWN": 1466608592.6168718, "TJK": 35388935.591231704, "THA": 3267796750.4960976, "MKD": 73022468.41181988, "TGO": 23789854.229005028, "TTO": 136411530.46571296, "TUN": 235176865.51907533, "TUR": 3245650356.3929214, "TKM": 114936064.5637466, "UGA": 106451845.81585597, "UKR": 765860507.1750783, "ARE": 2112285490.9466338, "GBR": 11500914296.388256, "TZA": 219789507.4841019, "USA": 70940011625.2432, "URY": 227948340.51267317, "UZB": 328877302.7821022, "VUT": 4333615.564421547, "VEN": 1906658423.1909533, "VNM": 1206763391.870514, "YEM": 138720468.61749324, "ZMB": 101387532.98857102, "ZWE": 41481950.815699734, "ROW": 425034744.48970896}