{"AFG": 0.8020670944967714, "ALB": 0.7704012355642049, "DZA": 0.5820677696920631, "AND": 0.9812439857675856, "AGO": 0.4255900438033141, "ATG": 0, "ARG": 0.2727447556411519, "ARM": 0.9021995434519986, "ABW": 0.9982996672913249, "AUS": 0.3239907186362378, "AUT": 0.7850848919119277, "AZE": 0.8547349749341288, "BHS": 0.47725405323049763, "BHR": 0.9852300377773114, "BGD": 0.7838239048798393, "BRB": 0.595542270862786, "BLR": 0.9722202225096608, "BEL": 0.7424563237395364, "BLZ": 0.9599987711547545, "BEN": 0.6087361431284174, "BMU": 0.9998948390487614, "BTN": 0.9763917157508909, "BOL": 0.43989174306242157, "BIH": 0.5442400350052886, "BWA": 0.9493541206160859, "BRA": 0.2119040812072927, "VGB": 0, "BRN": 0.7466233274470159, "BGR": 0.9034735442190256, "BFA": 0.7854557042260418, "BDI": 0.6294986510623488, "KHM": 0.804272659984855, "CMR": 0.5375172430339665, "CAN": 0.4197089423935201, "CPV": 0.8319380757789887, "CYM": 0.9996652369990646, "CAF": 0.7577000684042965, "TCD": 0.9366914179100334, "CHL": 0.2999380014423987, "CHN": 0.2739544968558075, "COL": 0.2980713575761723, "COG": 0.6688818118363065, "CRI": 0.5203895333437083, "HRV": 0.8817119424510181, "CUB": 0.3457672876069391, "CYP": 0.90383458052015, "CZE": 0.733437484978442, "CIV": 0.38893174131158065, "PRK": 0.7580462843333018, "COD": 0.565045548219204, "DNK": 0.7916085113940069, "DJI": 0.8572101796386229, "DOM": 0.31455979005084084, "ECU": 0.3298717924270128, "EGY": 0.3488633261587502, "SLV": 0.6285006315696934, "ERI": 0.9070784245601476, "EST": 0.8327127279140183, "ETH": 0.9875494592888534, "FJI": 0, "FIN": 0.5647568314947916, "FRA": 0.3934304187025148, "PYF": 0.6284351464932348, "GAB": 0.5240476697996518, "GMB": 0.6890887432855741, "GEO": 0.9165856773567507, "DEU": 0.5906949551441268, "GHA": 0.39869287196502873, "GRC": 0.73667117216751, "GRL": 0, "GTM": 0.28565587447806445, "GIN": 0.622199779519348, "GUY": 0.3159284362281472, "HTI": 0.46940269078699587, "HND": 0.5956087817655406, "HKG": 0.9284373260074932, "HUN": 0.9232102516194686, "ISL": 0, "IND": 0.4041384149267524, "IDN": 0.151075242525994, "IRN": 0.5428950677737252, "IRQ": 0.7707863930309756, "IRL": 0.7741379219563916, "ISR": 0.5470101989958288, "ITA": 0.4717954288663994, "JAM": 0.5357686294627652, "JPN": 0.36689315012712537, "JOR": 0.879827874584813, "KAZ": 0.585268950277038, "KEN": 0.1912724212756748, "KWT": 0.7927397705166966, "KGZ": 0.9245517013940129, "LAO": 0.8730412379738562, "LVA": 0.8046927007248563, "LBN": 0.4204609454599248, "LSO": 0.958689891103738, "LBR": 0.3668486045973596, "LBY": 0.6694753709949761, "LIE": 0.9928460823197679, "LTU": 0.8428181053242217, "LUX": 0.9625714413644613, "MAC": 0.9550501085107841, "MDG": 0.25563915640659196, "MWI": 0.507391586012985, "MYS": 0.5113884991897483, "MDV": 0.8512031516477776, "MLI": 0.7256247101363196, "MLT": 0.9449994474562153, "MRT": 0.6978579230818939, "MUS": 0.4078804076500624, "MEX": 0.3085987815949854, "MCO": 0.9769661213858982, "MNG": 0.4996145844752197, "MNE": 0.930659910464676, "MAR": 0.4496042423573167, "MOZ": 0.5146738692980847, "MMR": 0.6256293269691823, "NAM": 0.8239855559318088, "NPL": 0.7511249927987175, "NLD": 0.8248342132408119, "NCL": 0.6488686997571703, "NZL": 0.4722914186586955, "NIC": 0.5865401210336261, "NER": 0.8871243905751107, "NGA": 0.1925681591223534, "NOR": 0.5037751245844964, "PSE": 0.9563540956527505, "OMN": 0.8935209524117776, "PAK": 0.4186133090434704, "PAN": 0.5156885711498155, "PNG": 0.4249810691029559, "PRY": 0.3360092009192846, "PER": 0.2826812409396256, "PHL": 0.2196580990199856, "POL": 0.5802682907780469, "PRT": 0.5869064602752462, "QAT": 0.8100147524344586, "KOR": 0.5341386685752714, "MDA": 0.9836619754598374, "ROU": 0.8354303236139993, "RUS": 0.5108191271251625, "RWA": 0.7386710414571666, "WSM": 0, "SMR": 0.9995203148635181, "STP": 0.6135335975768792, "SAU": 0.4407947435250202, "SEN": 0.4620593458345432, "SRB": 0.49356561320724157, "SYC": 0.6516069753038081, "SLE": 0.49108756980197565, "SGP": 0.7607067041841435, "SVK": 0.9321250407043515, "SVN": 0.8927733634037514, "SOM": 0.356351740580988, "ZAF": 0.2072082474724511, "SDS": 0.9893435499702711, "ESP": 0.45872081035160056, "LKA": 0.35759965472749233, "SUD": 0.7980483286858878, "SUR": 0.5343082332817013, "SWZ": 0.9808003983941751, "SWE": 0.8796602765556962, "CHE": 0.7273617666927198, "SYR": 0.6885906585373213, "TWN": 0.5065359161261914, "TJK": 0.8266436606046822, "THA": 0.5187817022977435, "MKD": 0.8243283554388928, "TGO": 0.6003829067095167, "TTO": 0.5137562588916543, "TUN": 0.7082222671573696, "TUR": 0.32075040805833294, "TKM": 0.592789609016572, "UGA": 0.6069353355004731, "UKR": 0.6416366251293585, "ARE": 0.8638676378232015, "GBR": 0.3776394039209846, "TZA": 0.22659317736225312, "USA": 0.22482815939698592, "URY": 0.28990188323103844, "UZB": 0.4983542952882747, "VUT": 0, "VEN": 0.14451029015850217, "VNM": 0.5520534696680934, "YEM": 0.6935272202637375, "ZMB": 0.5022486834483642, "ZWE": 0.5346978338819736, "ROW": 1.0000000000000007}