{"AFG": 0.105, "ALB": 0.736, "DZA": 0.838, "AND": 7.444, "AGO": 0.7190000000000001, "ATG": 2.283, "ARG": 2.144, "ARM": 0.6679999999999999, "AUS": 10.335, "AUT": 8.157, "AZE": 1.129, "BHR": 3.4130000000000003, "BGD": 0.205, "BRB": 2.496, "BLR": 1.111, "BEL": 7.6129999999999995, "BLZ": 0.772, "BEN": 0.145, "BMU": 18.261, "BTN": 0.409, "BOL": 0.516, "BIH": 0.8029999999999999, "BWA": 1.111, "BRA": 1.695, "BRN": 6.539, "BGR": 1.287, "BFA": 0.11, "BDI": 0.045, "KHM": 0.184, "CMR": 0.22699999999999998, "CAN": 8.179, "CPV": 0.564, "CAF": 0.057, "TCD": 0.151, "CHL": 2.426, "CHN": 1.364, "COL": 1.228, "CRI": 1.7890000000000001, "HRV": 2.185, "CYP": 4.471, "CZE": 3.1210000000000004, "DNK": 10.073, "DOM": 1.074, "ECU": 1.037, "EGY": 0.575, "SLV": 0.6779999999999999, "EST": 3.159, "ETH": 0.102, "FJI": 0.831, "FIN": 8.009, "FRA": 6.975, "GAB": 1.5830000000000002, "GEO": 0.716, "DEU": 7.904, "GHA": 0.255, "GRC": 3.4960000000000004, "GTM": 0.618, "GIN": 0.081, "GUY": 0.7040000000000001, "HTI": 0.139, "HND": 0.392, "HKG": 7.053999999999999, "HUN": 2.233, "ISL": 8.626, "IND": 0.275, "IDN": 0.5920000000000001, "IRN": 1.127, "IRQ": 1.001, "IRL": 9.046, "ISR": 6.154, "ITA": 5.645, "JAM": 0.8690000000000001, "JPN": 6.682, "JOR": 0.805, "KAZ": 1.96, "KEN": 0.231, "KWT": 7.252000000000001, "LAO": 0.299, "LVA": 2.577, "LBN": 1.3259999999999998, "LSO": 0.22, "LBR": 0.065, "LTU": 2.57, "LUX": 13.247, "MAC": 11.558, "MDG": 0.07200000000000001, "MWI": 0.057999999999999996, "MYS": 1.819, "MDV": 1.196, "MLI": 0.131, "MLT": 4.117, "MRT": 0.23600000000000002, "MUS": 1.683, "MEX": 1.671, "MNG": 0.6659999999999999, "MNE": 1.242, "MAR": 0.521, "MOZ": 0.102, "MMR": 0.2, "NAM": 0.893, "NPL": 0.126, "NLD": 8.406, "NZL": 6.885, "NIC": 0.33399999999999996, "NER": 0.067, "NGA": 0.485, "NOR": 16.127, "OMN": 2.909, "PAK": 0.248, "PAN": 2.044, "PNG": 0.385, "PRY": 0.721, "PER": 1.055, "PHL": 0.611, "POL": 2.295, "PRT": 3.532, "QAT": 14.45, "MDA": 0.385, "ROU": 1.6340000000000001, "RUS": 1.97, "RWA": 0.12, "WSM": 0.6759999999999999, "SAU": 4.052, "SEN": 0.16899999999999998, "SRB": 0.953, "SYC": 2.539, "SLE": 0.107, "SGP": 8.962, "SVN": 3.818, "ZAF": 1.046, "SDS": 0.136, "ESP": 4.908, "LKA": 0.654, "SUR": 1.61, "SWE": 9.965, "CHE": 14.56, "TJK": 0.22, "THA": 0.9840000000000001, "TGO": 0.09300000000000001, "TTO": 3.035, "TUN": 0.685, "TUR": 1.712, "TKM": 1.27, "UGA": 0.12, "UKR": 0.45399999999999996, "ARE": 7.412999999999999, "GBR": 7.465, "TZA": 0.158, "USA": 9.631, "URY": 2.705, "UZB": 0.37200000000000005, "VUT": 0.545, "VNM": 0.342, "ZMB": 0.256, "ZWE": 0.14800000000000002, "BHS": 3.568, "MKD": 0.884, "YEM": 0.196, "GMB": 0.079, "SVK": 3.023, "SWZ": 0.564, "COG": 0.437, "KOR": 4.723, "SUD": 0.33, "PSE": 0.532, "KGZ": 0.201, "CIV": 0.244, "COD": 0.071, "STP": 0.303, "NCL": 2.272695784208646, "LIE": 20.032755269739194, "LBY": 3.710980171489818, "TWN": 4.020142497320472, "PRK": 0.09548419078242229, "GRL": 10.073, "MCO": 29.310582014252752, "ERI": 0.2769901750625223, "VGB": 7.465, "ABW": 6.1488377992140055, "CUB": 1.2438751339764202, "PYF": 2.713127366916756, "DJI": 0.7759165773490532, "SMR": 32.56860122290991, "CYM": 6.554860664523044, "SYR": 0.1754844587352626, "SOM": 0.18580707395498394, "VEN": 2.9402249017506255, "ROW": 0.107}